epiweek,release_date,% WEIGHTED ILI,% UNWEIGHTED ILI,AGE 0-4,AGE 5-24,ILITOTAL,NUM. OF PROVIDERS,OT
200201,2013-12-31,2.1347989589969,1.94142461859474,785,752,2568,728,132274
200202,2013-12-31,1.89441106110338,1.67397392676437,837,969,2875,742,171747
200203,2013-12-31,2.8310876240525,2.0683100420514,1067,1533,3743,749,180969
200204,2013-12-31,3.30481032165846,2.8730056058646,1460,2004,4797,728,166968
200205,2013-12-31,3.61062761294376,2.94909011786808,1556,2351,5557,729,188431
200206,2013-12-31,3.42799040922213,2.92857180051969,1542,2330,5624,728,192039
200207,2013-12-31,3.7671509028565,3.16382008310101,1557,2436,5924,712,187242
200208,2013-12-31,3.60018070562466,3.12120686665511,1509,2359,5760,708,184544
200209,2013-12-31,3.20024162698388,2.73514533138987,1208,1997,5104,707,186608
200210,2013-12-31,2.92632694450554,2.15301784200134,848,1558,3631,674,168647
200211,2013-12-31,2.8585713368964,1.92136412334938,731,1252,2977,652,154942
200212,2013-12-31,2.34744750116675,1.62731355241808,567,1092,2417,617,148527
200213,2013-12-31,2.23498077297822,1.46178888084206,547,913,2079,582,142223
200214,2013-12-31,1.99354910745034,1.19369613040499,397,692,1655,575,138645
200215,2013-12-31,1.37167546820205,0.895414924092713,327,467,1169,551,130554
200216,2013-12-31,1.2703282653525,0.817900614630619,247,442,1018,523,124465
200217,2013-12-31,0.999330535411108,0.705896360806593,235,389,830,504,117581
200218,2013-12-31,1.17199672167181,0.61121469825822,209,269,672,475,109945
200219,2013-12-31,1.0347212238185,0.630622188905547,169,302,673,458,106720
200220,2013-12-31,0.703599154244829,0.57357949453307,159,236,576,449,100422
200240,2013-12-31,1.22262328425065,1.16668271327356,582,805,2060,754,176569
200241,2013-12-31,1.33343810867451,1.21649539856725,683,872,2267,785,186355
200242,2013-12-31,1.31928966890338,1.13057167647777,642,878,2176,831,192469
200243,2013-12-31,1.49483509457726,1.25245768919388,728,1045,2599,863,207512
200244,2013-12-31,1.47194798338554,1.30237267481452,823,1189,2907,909,223208
200245,2013-12-31,1.58094034274748,1.40551047268734,887,1272,3225,930,229454
200246,2013-12-31,1.49426399288307,1.38436918895723,851,1173,3097,923,223712
200247,2013-12-31,1.40568657578992,1.32563064632871,802,1166,2967,922,223818
200248,2013-12-31,1.61410143362832,1.43474530490324,834,978,2709,918,188814
200249,2013-12-31,1.45966820630852,1.25432988588025,857,1117,3049,937,243078
200250,2013-12-31,1.5989593463191,1.25757008709853,804,1179,2957,928,235136
200251,2013-12-31,2.16696908291202,1.58017198710328,951,1404,3416,908,216179
200252,2013-12-31,2.57842339410209,1.98008136561159,915,937,2857,865,144287
200301,2013-12-31,2.38636019217302,1.90428346953439,1028,1019,3260,879,171193
200302,2013-12-31,1.73621011604537,1.59010374691382,1068,1296,3729,926,234513
200303,2013-12-31,2.06296186343516,1.81559058518678,1154,1798,4204,902,231550
200304,2013-12-31,2.58113164454626,2.41800599407385,1373,2998,5696,927,235566
200305,2013-12-31,2.93909470372336,2.86635164737275,1411,4064,7079,884,246969
200306,2013-12-31,3.22538895555254,3.16661987133318,1606,4447,7782,889,245751
200307,2013-12-31,3.06981876517271,3.01550130885924,1568,4224,7649,903,253656
200308,2013-12-31,3.20043606879946,2.99780183318817,1694,3689,7228,871,241110
200309,2013-12-31,2.44888415228182,2.31956736717105,1336,2583,5606,857,241683
200310,2013-12-31,2.13439644187,1.94706605585673,1015,2103,4450,839,228549
200311,2013-12-31,1.99866199516459,1.72985244040863,880,1669,3810,835,220250
200312,2013-12-31,1.9384922126962,1.51837091559749,737,1321,2987,795,196724
200313,2013-12-31,1.412931617186,1.22616420244026,624,1016,2439,775,198913
200314,2013-12-31,1.23472204047999,1.05433352915794,506,846,2028,741,192349
200315,2013-12-31,1.20004644305082,1.07108131883961,569,799,2082,735,194383
200316,2013-12-31,0.910134874667755,0.826120499839506,440,539,1467,669,177577
200317,2013-12-31,0.932265056781007,0.820505249530126,429,508,1445,682,176111
200318,2013-12-31,0.692174767592643,0.630846331701935,275,444,1075,655,170406
200319,2013-12-31,0.669406229595811,0.639349581082886,215,471,1005,613,157191
200320,2013-12-31,0.727705269810998,0.586609034901834,248,283,836,547,142514
200321,2013-12-31,0.717700898272022,0.773023566772522,264,262,740,406,95728
200322,2013-12-31,0.78939447962671,0.790743002356192,213,205,641,393,81063
200323,2013-12-31,0.72212915352851,0.711847262612214,201,195,563,344,79090
200324,2013-12-31,0.591326044315954,0.79463747869218,198,187,620,341,78023
200325,2013-12-31,0.523069989732904,0.586603799750381,139,123,423,322,72110
200326,2013-12-31,0.450236282712373,0.615982009414328,122,124,441,322,71593
200327,2013-12-31,0.397421124573079,0.491506823907634,109,91,318,310,64699
200328,2013-12-31,0.448001648298494,0.60434139121855,137,141,441,308,72972
200329,2013-12-31,0.474767361838914,0.524478036584139,98,98,365,301,69593
200330,2013-12-31,0.453251360148873,0.59069237584912,112,139,420,302,71103
200331,2013-12-31,0.352157891381276,0.505135309098033,100,120,361,290,71466
200332,2013-12-31,0.525321592267576,0.634270660328733,136,125,443,295,69844
200333,2013-12-31,0.492990868505658,0.610118400649247,120,131,421,283,69003
200334,2013-12-31,0.542728250368509,0.641226595229274,159,144,450,277,70178
200335,2013-12-31,0.490346815510614,0.661428571428571,166,155,463,276,70000
200336,2013-12-31,0.7359136418127,0.79268106423924,177,182,519,271,65474
200337,2013-12-31,0.581771152720334,0.639059304703476,145,184,475,267,74328
200338,2013-12-31,0.654161864736963,0.636731536857226,136,183,461,264,72401
200339,2013-12-31,0.749504068538055,0.747828771063376,135,221,533,268,71273
200340,2013-12-31,0.884021204429485,0.960872576177285,808,881,2442,830,254144
200341,2013-12-31,1.02773045591915,1.04324930171325,913,1132,2932,931,281045
200342,2013-12-31,1.28296363238177,1.05449560945741,878,1147,3031,974,287436
200343,2013-12-31,1.3266053697292,1.11231322740484,1006,1369,3475,1007,312412
200344,2013-12-31,1.77304009793384,1.4127357069703,1207,2080,4690,1074,331980
200345,2013-12-31,2.43813612052152,1.7270281395224,1542,2735,5790,1111,335258
200346,2013-12-31,2.72604531913952,2.40699967562199,2185,4133,8385,1141,348359
200347,2013-12-31,3.7319220656804,3.10962249668551,2561,5684,11141,1129,358275
200348,2013-12-31,4.54893751799399,4.30778938718009,3247,4933,11742,1118,272576
200349,2013-12-31,5.39906425638487,4.83029719022928,4734,7817,18948,1189,392274
200350,2013-12-31,7.38735357389034,6.42904790235636,6620,11550,24962,1173,388269
200351,2013-12-31,7.48097137314648,6.867344543708,6434,9851,23699,1148,345097
200352,2013-12-31,7.62796725730726,7.0649554109424,5336,5231,16415,1122,232344
200353,2013-12-31,5.14051498879727,4.55115023775864,3391,2894,11332,1139,248992
200401,2013-12-31,2.89129419229667,2.41833121785022,1930,2299,7602,1160,314349
200402,2013-12-31,2.10428983637694,1.80905597283338,1679,1857,5583,1141,308614
200403,2013-12-31,1.8869563898866,1.7120238530717,1721,1604,4961,1084,289774
200404,2013-12-31,1.77659664241317,1.54249511450488,1487,1543,4436,1071,287586
200405,2013-12-31,1.46000622974468,1.43786826136663,1454,1448,4251,1054,295646
200406,2013-12-31,1.37786947617157,1.32427396956663,1420,1297,3824,986,288762
200407,2013-12-31,1.30532339707921,1.30725667352584,1301,1255,3691,1004,282347
200408,2013-12-31,1.08691103879546,1.03697697740414,956,1038,2916,948,281202
200409,2013-12-31,0.991887735220218,1.01032043800189,925,910,2744,894,271597
200410,2013-12-31,1.02765319840718,1.05249247942043,878,888,2708,897,257294
200411,2013-12-31,1.05789602071851,1.0200900730921,730,826,2487,849,243802
200412,2013-12-31,0.849361020491385,0.924418721488716,760,733,2300,859,248805
200413,2013-12-31,0.747126665292176,0.790645026766185,610,611,1858,828,234998
200414,2013-12-31,0.661707853318756,0.802609776304888,583,566,1705,774,212432
200415,2013-12-31,0.679513857897956,0.836129994550096,545,573,1749,755,209178
200416,2013-12-31,0.633070762506447,0.792435795527031,501,511,1615,679,203802
200417,2013-12-31,0.569893715038825,0.683587731372106,470,404,1331,658,194708
200418,2013-12-31,0.591356768666246,0.757452265293037,435,491,1394,629,184038
200419,2013-12-31,0.589043559956717,0.788585419192279,449,443,1327,599,168276
200420,2013-12-31,0.678640493481165,0.812170980654628,451,380,1262,553,155386
200421,2013-12-31,0.637558475854445,0.804462889450259,375,349,1070,463,133008
200422,2013-12-31,0.813309180414927,0.877700936434929,391,308,1061,452,120884
200423,2013-12-31,0.834551050052394,0.741453007504676,355,309,987,443,133117
200424,2013-12-31,0.616174060980419,0.661022215317695,307,240,851,426,128740
200425,2013-12-31,0.513285742502196,0.715109201286713,277,284,887,423,124037
200426,2013-12-31,0.351881074467375,0.562241232097691,238,183,698,408,124146
200427,2013-12-31,0.542621107164969,0.786808218267249,233,205,710,381,90238
200428,2013-12-31,0.581036192538807,0.860657847325887,249,280,836,378,97135
200429,2013-12-31,0.495486300239858,0.689943987855311,259,200,659,370,95515
200430,2013-12-31,0.612090360269777,0.779691159885486,260,230,719,363,92216
200431,2013-12-31,0.531490547922895,0.6281439332265,213,235,733,345,116693
200432,2013-12-31,0.51998671084002,0.902458614073446,243,256,809,334,89644
200433,2013-12-31,0.574475754137559,0.806443166703323,256,256,770,335,95481
200434,2013-12-31,0.663175351255024,0.874887764711035,259,265,799,333,91326
200435,2013-12-31,0.614691037252002,0.993213044197981,279,358,960,326,96656
200436,2013-12-31,0.656822919932555,0.876140758298387,281,309,913,337,104207
200437,2013-12-31,0.723015723700438,0.948091564351081,342,413,1122,341,118343
200438,2013-12-31,0.691857240149956,0.926942621485662,322,416,1089,336,117483
200439,2013-12-31,0.782757764472338,0.97164299955597,333,382,1116,364,114857
200440,2013-12-31,0.982275251246415,0.897159137527621,877,1256,3171,1176,353449
200441,2013-12-31,1.01821254355417,1.02248279435452,1071,1373,3631,1187,355116
200442,2013-12-31,1.17680497469443,1.06296317846885,1240,1534,4019,1267,378094
200443,2013-12-31,1.30121171361561,1.14695698058128,1190,1671,4369,1293,380921
200444,2013-12-31,1.27745564951796,1.20495006513244,1327,1718,4551,1302,377692
200445,2013-12-31,1.40386862523137,1.30516550307577,1497,1874,4969,1344,380718
200446,2013-12-31,1.40301008402851,1.28699164733898,1531,1874,4983,1336,387182
200447,2013-12-31,1.73974780401595,1.59467561733199,1490,1678,4713,1341,295546
200448,2013-12-31,1.56894071647437,1.39714318198262,1538,2059,5407,1369,387004
200449,2013-12-31,1.65927173784707,1.44995672568357,1551,2052,5428,1346,374356
200450,2013-12-31,1.8134111594715,1.61745445551789,1670,2071,5755,1379,355806
200451,2013-12-31,2.37625578879506,2.19111920782317,1856,1807,5689,1288,259639
200452,2013-12-31,2.77052472140324,2.5664893148154,2252,1993,7279,1332,283617
200501,2013-12-31,2.40064287277021,2.17644909393566,2010,2450,8041,1383,369455
200502,2013-12-31,2.5415463783658,2.20171206060991,2188,2982,8323,1342,378024
200503,2013-12-31,2.85870638979955,2.53012113551663,2199,3682,9328,1348,368678
200504,2013-12-31,3.55010575773556,3.06523809758818,2747,5364,12422,1334,405254
200505,2013-12-31,4.58591287085604,3.98060830145634,3086,7650,16192,1303,406772
200506,2013-12-31,5.05808649712821,4.59568026460337,3626,8854,19369,1324,421461
200507,2013-12-31,5.44150703292525,4.75197055022817,3834,8400,19931,1330,419426
200508,2013-12-31,4.47290381550454,4.1796206422491,3720,6759,16630,1280,397883
200509,2013-12-31,3.67520020609373,3.45358511049176,2997,5343,13234,1268,383196
200510,2013-12-31,3.33529975560688,3.15852237456846,2728,4494,11601,1227,367292
200511,2013-12-31,2.76223957427527,2.67320103304506,2416,3513,9502,1185,355454
200512,2013-12-31,2.46844399772953,2.35161040662023,2145,2771,7900,1148,335940
200513,2013-12-31,2.00080734472694,1.89242849197759,1827,2133,6329,1103,334438
200514,2013-12-31,1.54318952284238,1.52490477260997,1422,1737,4816,1048,315823
200515,2013-12-31,1.50195086621046,1.41134409489821,1356,1603,4445,1000,314948
200516,2013-12-31,1.2291781100798,1.25068256205184,1096,1469,3825,978,305833
200517,2013-12-31,1.21853900516301,1.20702497806763,1117,1411,3646,971,302065
200518,2013-12-31,1.15831519645582,1.07895496535797,903,1136,2990,923,277120
200519,2013-12-31,1.24900074402246,1.14520795866301,979,1115,3012,878,263009
200520,2013-12-31,1.16887834051687,1.06124263084187,805,926,2531,825,238494
200521,2013-12-31,1.07887841848831,1.0567977383706,687,695,2056,687,194550
200522,2013-12-31,1.23059339195328,1.25193097977466,693,678,2099,637,167661
200523,2013-12-31,1.14747488346169,1.01418934635962,548,594,1744,603,171960
200524,2013-12-31,1.00254284822828,1.04196928321035,573,507,1614,582,154899
200525,2013-12-31,0.957569141019123,0.954027366755545,580,507,1628,587,170645
200526,2013-12-31,0.894837476411189,0.848229889648974,497,452,1359,550,160216
200527,2013-12-31,0.798205215029949,0.841871512698346,426,390,1198,533,142302
200528,2013-12-31,0.757812481860001,0.730893625690784,389,361,1148,524,157068
200529,2013-12-31,0.825963378390184,0.713431619449696,333,364,1068,507,149699
200530,2013-12-31,0.74492697915824,0.670677180717015,328,327,990,492,147612
200531,2013-12-31,0.787049224654512,0.689277592161047,331,326,982,488,142468
200532,2013-12-31,0.684723769631078,0.704928990290861,319,350,1023,479,145121
200533,2013-12-31,0.747360921616147,0.615903313798756,330,326,928,480,150673
200534,2013-12-31,0.6739744591204,0.609425606451186,292,311,922,428,151290
200535,2013-12-31,0.869661601073597,0.680258669511504,342,367,1033,420,151854
200536,2013-12-31,0.899528963767326,0.775488426145874,338,396,1061,416,136817
200537,2013-12-31,0.85463462900034,0.683421369906812,302,383,1026,408,150127
200538,2013-12-31,1.01122644469238,0.781074794799669,368,516,1219,419,156067
200539,2013-12-31,0.977808466574538,0.806943467041989,381,484,1204,447,149205
200540,2013-12-31,1.17777652523357,1.07634678416636,1172,1256,3586,1113,333164
200541,2013-12-31,1.21946603028022,1.05868896356656,1285,1247,3582,1160,338343
200542,2013-12-31,1.30689746064219,1.11523258362215,1393,1525,4122,1216,369609
200543,2013-12-31,1.33930904005386,1.12381249685846,1439,1599,4248,1237,377999
200544,2013-12-31,1.58374139418663,1.25488917861799,1639,1894,5005,1280,398840
200545,2013-12-31,1.47072276224058,1.33660897156987,1563,1929,5038,1272,376924
200546,2013-12-31,1.6111954542992,1.37863636244862,1679,1951,5276,1277,382697
200547,2013-12-31,1.82699400226217,1.6082899610822,1666,1593,4802,1301,298578
200548,2013-12-31,1.77481619353609,1.48310562217847,1858,2176,5966,1325,402264
200549,2013-12-31,1.94450687873534,1.6537399285655,1987,2463,6371,1328,385248
200550,2013-12-31,2.35511513433343,2.00678924150302,2241,3063,7697,1318,383548
200551,2013-12-31,3.10877514295907,2.56857160825465,2696,3058,8577,1287,333921
200552,2013-12-31,3.28237612218792,3.05277622411424,2678,2561,8842,1273,289638
200601,2013-12-31,2.62913989323568,2.42503729596273,2422,2366,8339,1319,343871
200602,2013-12-31,2.2514950898881,2.00195064462709,2272,2921,7882,1339,393716
200603,2013-12-31,2.35857650224821,2.05869022449627,2249,3150,7858,1297,381699
200604,2013-12-31,2.41881416012057,2.21276967675208,2643,3646,9114,1331,411882
200605,2013-12-31,2.52752209008567,2.32220009676847,2612,4153,9551,1320,411291
200606,2013-12-31,2.64953752241428,2.49279201312021,2754,4593,10427,1311,418286
200607,2013-12-31,3.12935321174658,2.79489420182691,2624,4979,11226,1288,401661
200608,2013-12-31,3.12441940531803,2.96911136225853,2753,5284,11901,1288,400827
200609,2013-12-31,3.1309913073712,2.83959054621375,2579,5008,11343,1275,399459
200610,2013-12-31,3.08260941629766,2.77799020635723,2564,5106,11261,1257,405365
200611,2013-12-31,2.64430666309926,2.47286926580559,2330,4154,9322,1241,376971
200612,2013-12-31,2.4229452745597,2.18061459583996,1895,3709,8064,1217,369804
200613,2013-12-31,2.31140580935315,2.01679513520222,1697,3393,7313,1165,362605
200614,2013-12-31,1.86383228328006,1.64101332143613,1437,2660,5738,1133,349662
200615,2013-12-31,1.44943499081609,1.35828653363604,1181,2014,4547,1087,334760
200616,2013-12-31,1.30227305560176,1.14279827839854,959,1479,3550,1045,310641
200617,2013-12-31,1.13458887059723,1.04031251944242,836,1382,3177,1017,305389
200618,2013-12-31,1.06255175777012,0.964346915130534,745,1208,2780,958,288278
200619,2013-12-31,1.03428423214495,0.937981746991004,745,1039,2592,919,276338
200620,2013-12-31,1.01790987567817,0.947449339946228,715,969,2428,877,256267
200621,2013-12-31,0.918150851577594,0.891918208373905,699,764,2061,783,231075
200622,2013-12-31,0.930990335979425,0.864642684439585,572,561,1645,649,190252
200623,2013-12-31,0.857294424083551,0.9703199016119,754,626,2075,635,213847
200624,2013-12-31,0.7862941262584,0.844390120045113,514,447,1430,615,169353
200625,2013-12-31,0.719426395049861,0.774870358228527,463,409,1300,610,167770
200626,2013-12-31,0.718868380093732,0.821372486929773,466,390,1271,572,154741
200627,2013-12-31,0.774806970487722,0.872744512125043,437,402,1215,565,139216
200628,2013-12-31,0.765980254100246,0.922634500938611,549,511,1617,577,175259
200629,2013-12-31,0.642808854132611,0.899486834941559,541,440,1553,564,172654
200630,2013-12-31,0.6220327694809,0.843082378709128,502,403,1455,564,172581
200631,2013-12-31,0.616325939668562,0.881824413197725,508,430,1428,551,161937
200632,2013-12-31,0.685693571560128,0.817145169737657,473,435,1373,547,168024
200633,2013-12-31,0.622697338188391,0.871500092712776,510,466,1457,536,167183
200634,2013-12-31,0.611817261854043,0.738620506130291,404,379,1138,503,154071
200635,2013-12-31,0.638830539861845,0.797965969098377,398,457,1224,488,153390
200636,2013-12-31,0.806627170384198,1.01393730637817,492,506,1463,491,144289
200637,2013-12-31,0.762448355718674,0.880935822008358,446,521,1406,487,159603
200638,2013-12-31,0.813406299730023,0.943366301458507,511,534,1487,455,157627
200639,2013-12-31,0.807934420623137,0.891546176243685,476,512,1433,469,160732
200640,2013-12-31,1.15383912677735,1.2032228135098,1434,1699,4513,1323,375076
200641,2013-12-31,1.14818819361098,1.05788215733139,1278,1602,4072,1361,384920
200642,2013-12-31,1.22735991517567,1.13053543513801,1543,1830,4737,1425,419005
200643,2013-12-31,1.2174439456118,1.12552298364906,1582,1996,4888,1445,434287
200644,2013-12-31,1.32813200398375,1.20808202382931,1672,2270,5380,1473,445334
200645,2013-12-31,1.47754109094703,1.34952440201275,2112,2393,6139,1497,454901
200646,2013-12-31,1.5339010935533,1.46890041745145,2355,2681,6668,1474,453945
200647,2013-12-31,1.91269413807369,1.82767158914798,2188,2202,6156,1488,336822
200648,2013-12-31,1.83799931698105,1.66560124223328,2573,2792,7530,1486,452089
200649,2013-12-31,1.95375577107413,1.85968342793555,2643,3244,8122,1493,436741
200650,2013-12-31,2.40407467721142,2.38891301700228,3270,4470,10396,1492,435177
200651,2013-12-31,2.8745267683527,2.78977593106582,3387,4065,10192,1435,365334
200652,2013-12-31,3.02596786415656,3.11548584871036,3243,2868,8913,1359,286087
200701,2013-12-31,2.37817014785681,2.26942447113966,2927,2481,8386,1490,369521
200702,2013-12-31,2.09232293131677,1.86354642898306,2507,2756,7761,1467,416464
200703,2013-12-31,2.2939591519265,1.99986345602905,2548,3248,7909,1470,395477
200704,2013-12-31,2.74500907198702,2.44060441272396,3410,4684,10888,1495,446119
200705,2013-12-31,3.04433966702088,2.83018207037626,3456,5648,12120,1472,428241
200706,2013-12-31,3.49998683172266,3.12342558186094,3840,6995,14197,1484,454533
200707,2013-12-31,3.57850964552411,3.27019486921318,3879,6668,14031,1461,429057
200708,2013-12-31,3.28978609422107,3.17756882508216,3728,6537,14048,1460,442099
200709,2013-12-31,2.89149161110763,2.72363662380764,3016,5429,11801,1428,433281
200710,2013-12-31,2.62074751563249,2.50201398699373,2798,4937,10715,1408,428255
200711,2013-12-31,2.53387108275255,2.42719919877388,2668,4031,9597,1361,395394
200712,2013-12-31,2.07251264037408,1.9604132370669,2049,3307,7562,1333,385735
200713,2013-12-31,1.87084370928676,1.59139796079487,1664,2508,6148,1303,386327
200714,2013-12-31,1.40042142043255,1.36978353662748,1445,1803,4958,1284,361955
200715,2013-12-31,1.46887378467638,1.36316678005392,1429,1821,4869,1240,357183
200716,2013-12-31,1.15513661856722,1.17369507519906,1257,1523,4179,1206,356055
200717,2013-12-31,1.07901266857705,1.0635756290064,1152,1386,3695,1152,347413
200718,2013-12-31,0.984919500880424,0.969711103617587,969,1143,3077,1119,317311
200719,2013-12-31,1.0332476590855,0.965361740621477,917,1055,2860,1057,296262
200720,2013-12-31,0.926649487991465,0.856748915030295,815,861,2442,1025,285031
200721,2013-12-31,0.920100404689537,0.86334645866291,761,785,2243,925,259803
200722,2013-12-31,0.954094069567869,0.935369511862558,722,652,2058,831,220020
200723,2013-12-31,0.763277995033034,0.745569434761564,628,510,1679,796,225197
200724,2013-12-31,0.817220025397381,0.740428108742924,598,469,1614,771,217982
200725,2013-12-31,0.764586084184721,0.672896505189992,521,441,1456,749,216378
200726,2013-12-31,0.793127059425127,0.666282009011979,514,408,1455,742,218376
200727,2013-12-31,0.669089515515112,0.66274725461627,394,360,1169,711,176387
200728,2013-12-31,0.621150419793594,0.545618971061093,366,372,1086,697,199040
200729,2013-12-31,0.603659013150159,0.586230600172335,446,345,1211,698,206574
200730,2013-12-31,0.649058493453503,0.660686704898144,477,392,1356,691,205241
200731,2013-12-31,0.568338364043286,0.534092840477748,321,311,1037,677,194161
200732,2013-12-31,0.651546018677327,0.585549127172078,389,385,1172,667,200154
200733,2013-12-31,0.652175701176833,0.618074959051932,439,411,1283,666,207580
200734,2013-12-31,0.803848519755413,0.687464689097892,495,457,1448,671,210629
200735,2013-12-31,0.787458252030398,0.715696068361638,502,500,1526,652,213219
200736,2013-12-31,0.943262693979476,0.82931306835162,519,545,1554,641,187384
200737,2013-12-31,0.946931879596518,0.800911545135195,496,682,1694,638,211509
200738,2013-12-31,0.987145583548856,0.918483949336944,609,681,1913,632,208278
200739,2013-12-31,1.05206476962465,0.81425903524192,729,788,2228,703,273623
200740,2013-12-31,0.995183767966289,1.07197084148096,2187,1997,5641,1373,526227
200741,2013-12-31,1.22003049402253,1.2178573723461,2387,2433,6444,1429,529126
200742,2013-12-31,1.28547821389234,1.24575535023296,2583,2551,6941,1449,557172
200743,2013-12-31,1.37750486928409,1.35984488183215,2871,2788,7434,1477,546680
200744,2013-12-31,1.46724534644602,1.44670848686904,3074,2998,7915,1485,547104
200745,2013-12-31,1.55840590169511,1.53286384562312,3398,3303,8687,1539,566717
200746,2013-12-31,1.61958073873427,1.66653242635699,3563,3290,9104,1516,546284
200747,2013-12-31,1.81120431671438,1.97487734790333,3651,2631,8570,1523,433951
200748,2013-12-31,1.61864710434124,1.67305471587623,3679,3158,9171,1513,548159
200749,2013-12-31,1.6212371343592,1.63405086167322,3365,2907,8436,1487,516263
200750,2013-12-31,1.67351332327587,1.74594748562846,3298,2694,8091,1453,463416
200751,2013-12-31,1.95095708187996,1.93643191947984,3580,2724,8750,1420,451862
200752,2013-12-31,2.50018838414231,2.48905342153973,3848,2348,8902,1426,357646
200801,2013-12-31,2.43938754845282,2.25404839260293,3737,2568,9706,1486,430603
200802,2013-12-31,2.29319128031765,2.09147153792309,3393,3644,11115,1509,531444
200803,2013-12-31,2.62906608636993,2.35934278076315,3664,4900,12197,1511,516966
200804,2013-12-31,3.92965622436593,3.32331429522551,4289,7661,17171,1508,516683
200805,2013-12-31,4.99201605070683,4.43381003522102,5222,11974,24812,1514,559609
200806,2013-12-31,5.7775955674872,5.34547136546158,6059,15323,31896,1526,596692
200807,2013-12-31,5.98317540961851,5.4225750587267,6244,14336,31625,1518,583210
200808,2013-12-31,5.61676753847431,5.30303295963418,5922,12783,30245,1497,570334
200809,2013-12-31,4.53234005967958,4.24455502301459,4978,9958,25027,1453,589626
200810,2013-12-31,3.83248629085351,3.62800012180508,4420,7849,20254,1445,558269
200811,2013-12-31,3.21521811334386,3.03462750737142,3878,6112,16714,1412,550776
200812,2013-12-31,2.69244647153937,2.53595355937807,3153,4493,13040,1395,514205
200813,2013-12-31,2.03365583503679,2.05730147714881,2689,3395,10376,1379,504350
200814,2013-12-31,1.65275048296605,1.74150350005073,2372,2697,8583,1327,492850
200815,2013-12-31,1.31129636420394,1.40652170874918,2045,2354,7045,1318,500881
200816,2013-12-31,1.16519708112907,1.26860703650141,1857,2013,6079,1288,479187
200817,2013-12-31,1.02034763369206,1.07718873964785,1572,1713,4953,1208,459808
200818,2013-12-31,0.877607227554611,0.99344523703688,1466,1416,4224,1147,425187
200819,2013-12-31,0.825106625665561,0.911211927766406,1356,1381,4011,1098,440183
200820,2013-12-31,0.787314875112876,0.972109133194389,1439,1274,3904,1074,401601
200821,2013-12-31,0.805438572693894,0.993257508683512,1393,1116,3646,945,367075
200822,2013-12-31,0.886061331874823,1.09132023060345,1473,1083,3803,869,348477
200823,2013-12-31,0.743742683096117,0.888445961705647,1159,906,2933,789,330127
200824,2013-12-31,0.706842044861421,0.887691452380516,1113,886,2906,764,327366
200825,2013-12-31,0.655943481999601,0.883187430272632,1115,855,2842,755,321789
200826,2013-12-31,0.63349176705577,0.826756367883745,937,810,2534,730,306499
200827,2013-12-31,0.571837180694024,0.783201388594894,913,762,2405,713,307073
200828,2013-12-31,0.558278240857383,0.780610295321797,881,749,2431,710,311423
200829,2013-12-31,0.59789328191094,0.769072602576178,826,703,2319,696,301532
200830,2013-12-31,0.577221624227943,0.72129793667497,779,704,2166,694,300292
200831,2013-12-31,0.596987365404301,0.75252732801841,788,763,2289,676,304175
200832,2013-12-31,0.56465287318114,0.752720984640423,679,706,2220,668,294930
200833,2013-12-31,0.585681702597665,0.792766010157315,789,745,2368,657,298701
200834,2013-12-31,0.503985402973617,0.7438961937256,730,754,2237,657,300714
200835,2013-12-31,0.468139143858092,0.814166292375864,794,892,2429,636,298342
200836,2013-12-31,0.576454849136825,0.838400872127685,774,880,2461,666,293535
200837,2013-12-31,0.681360615375637,0.851123586930307,859,994,2788,685,327567
200838,2013-12-31,0.794763739412068,1.10975754694557,1062,1527,3735,679,336560
200839,2013-12-31,0.868115785409026,1.03114356854527,983,1306,3400,716,329731
200840,2013-12-31,1.06828136522751,1.02284356626541,1535,2352,5687,1435,555999
200841,2013-12-31,1.00755640865393,1.0301739488215,1861,2291,5959,1500,578446
200842,2013-12-31,0.979398906443081,1.01244781927051,1869,2219,5896,1525,582351
200843,2013-12-31,1.04942944896004,1.08359107261313,1976,2474,6485,1527,598473
200844,2013-12-31,1.13218246937968,1.1657765252952,2119,2547,6987,1545,599343
200845,2013-12-31,1.13156087725251,1.19129636946024,2276,2668,7297,1555,612526
200846,2013-12-31,1.15469317831331,1.28074703283303,2512,2854,7667,1555,598635
200847,2013-12-31,1.20448041075936,1.27052506711619,2600,2828,7733,1563,608646
200848,2013-12-31,1.36081326766458,1.5957824852734,3024,2412,7634,1523,478386
200849,2013-12-31,1.30321908134958,1.45849942718557,3114,2913,8708,1551,597052
200850,2013-12-31,1.30204227865501,1.49920717493741,3252,3024,8689,1543,579573
200851,2013-12-31,1.45108668034987,1.62981569646873,3137,2579,7812,1416,479318
200852,2013-12-31,1.79927367652229,2.15561211857105,3897,2367,8706,1484,403876
200853,2013-12-31,2.12133663329022,2.02052703273991,3814,2042,8603,1490,425780
200901,2013-12-31,1.47137840370282,1.54566227382867,3245,2548,8956,1539,579428
200902,2013-12-31,1.6155496111202,1.64223672323476,3142,3345,9289,1512,565631
200903,2013-12-31,1.95332602587433,1.96523779789066,3602,4597,11456,1566,582932
200904,2013-12-31,2.42906504047013,2.34367841669176,4039,6602,14324,1554,611176
200905,2013-12-31,2.96686053291814,2.86057440108485,4606,8882,18268,1580,638613
200906,2013-12-31,3.57353697615211,3.34210493842395,5064,11215,21667,1569,648304
200907,2013-12-31,3.36652900665455,3.20565881556174,4848,9851,20022,1543,624583
200908,2013-12-31,3.29619584830173,3.10049077206011,4694,10092,20450,1544,659573
200909,2013-12-31,3.17226797580573,2.95818501770163,4420,9116,18441,1534,623389
200910,2013-12-31,2.58040499453689,2.46380584375666,4046,7446,15711,1524,637672
200911,2013-12-31,2.42922285573919,2.19272241425724,3657,6036,13277,1494,605503
200912,2013-12-31,1.99027929209984,1.8739459054282,3237,5052,11400,1470,608342
200913,2013-12-31,1.72422584359491,1.64816901360434,2829,4283,9669,1440,586651
200914,2013-12-31,1.60354839431917,1.49877759274351,2577,3407,8460,1422,564460
200915,2013-12-31,1.2841784961947,1.29232674286062,2371,2761,7222,1415,558837
200916,2013-12-31,1.29320023073958,1.27164108847493,2353,2855,7348,1445,577836
200917,2013-12-31,2.74012331225323,2.98158896426319,4821,8043,18627,1405,624734
200918,2013-12-31,2.22391145123621,2.43702241264885,3920,6221,14578,1422,598189
200919,2013-12-31,1.76656838942395,2.28130110848628,3236,5888,12554,1372,550300
200920,2013-12-31,1.92170567241312,3.81571986951538,4188,12026,20774,1331,544432
200921,2013-12-31,1.86110425685729,4.21315231992414,4496,12461,22394,1314,531526
200922,2013-12-31,1.68422773140478,3.17832237349422,3865,8615,17105,1305,538177
200923,2013-12-31,1.73930292858566,2.50971623923315,3072,5660,12392,1296,493761
200924,2013-12-31,1.83001431081168,2.06631768005045,2623,4740,10780,1280,521701
200925,2013-12-31,1.581280179284,1.71804602278495,2299,3700,8801,1279,512268
200926,2013-12-31,1.49172467570645,1.55964671543277,2145,2893,7422,1237,475877
200927,2013-12-31,1.38899504262634,1.30856286926854,1701,2481,6290,1246,480680
200928,2013-12-31,1.34702058135752,1.18694598241473,1581,2437,5964,1248,502466
200929,2013-12-31,1.16056441078711,1.1379623033865,1608,2285,5735,1248,503971
200930,2013-12-31,1.20850078834848,1.1500522844604,1519,2199,5587,1254,485804
200931,2013-12-31,1.15544127671425,1.11261894311268,1651,2082,5526,1230,496666
200932,2013-12-31,1.14517885143283,1.16141884000403,1645,2321,5877,1234,506019
200933,2013-12-31,1.46639614432285,1.64107138596288,2167,4210,8941,1286,544827
200934,2013-12-31,2.3801716181174,2.4716597952849,2883,8253,14556,1320,588916
200935,2013-12-31,3.4468130993167,3.71969364359237,3713,13114,21350,1358,573972
200936,2013-12-31,4.05314873784874,3.94974798713588,4087,13407,22561,1367,571201
200937,2013-12-31,4.26620869255677,4.08756356708893,4445,15326,26091,1380,638302
200938,2013-12-31,4.21579403010223,4.01897236319651,4462,14152,24454,1313,608464
200939,2013-12-31,4.88609794072285,4.6036164087208,4974,16291,27919,1331,606458
200940,2013-12-31,6.06922886681801,5.66086706432251,9302,27406,48420,2056,855346
200941,2013-12-31,7.09466802852612,6.81522217746091,11527,32585,58196,2134,853912
200942,2013-12-31,7.71510229753135,7.61889213445467,13187,39364,69068,2162,906536
200943,2013-12-31,7.55134381192465,7.38835858754422,13174,36860,66411,2167,898860
200944,2013-12-31,6.67117818911313,6.33927231286655,12161,30860,57017,2197,899425
200945,2013-12-31,5.20632628751353,4.94349498118813,10151,21112,42729,2191,864348
200946,2013-12-31,4.04477479873624,3.80996119744316,8979,14652,32520,2157,853552
200947,2013-12-31,3.49721728420123,3.44105879673017,7716,8237,22508,2146,654101
200948,2013-12-31,2.69022729135581,2.6677306488245,7195,7988,21730,2122,814550
200949,2013-12-31,2.47118784478882,2.47182503188111,6490,7218,19325,2093,781811
200950,2013-12-31,2.44772749268797,2.34499952635979,6275,5785,17081,2014,728401
200951,2013-12-31,2.64593841632028,2.71434983173825,6078,4127,14575,1934,536961
200952,2013-12-31,2.6156703984032,2.67667182697039,6598,3726,15613,1937,583299
201001,2013-12-31,1.90711760430302,1.98283823623218,4998,3961,14299,1996,721138
201002,2013-12-31,1.86737529968374,1.82748623353375,4877,4614,14088,2016,770895
201003,2013-12-31,1.88072330631514,1.92605625070969,5399,5079,14757,2053,766177
201004,2013-12-31,1.96908433236079,1.92494717278953,5333,5655,15122,2026,785580
201005,2013-12-31,2.11386811062075,2.0887684250423,5816,6142,16037,1996,767773
201006,2013-12-31,2.09694583121344,2.03434082648651,5496,5577,15381,1977,756068
201007,2013-12-31,1.90294345645018,1.97649460514715,5388,5536,15065,1954,762208
201008,2013-12-31,1.96951462278194,1.99361774638287,5040,6207,16087,1990,806925
201009,2013-12-31,1.92331036712421,1.85382596354543,4281,5685,14486,1953,781411
201010,2013-12-31,1.89658616483482,1.86730358448397,4612,5270,14354,1946,768702
201011,2013-12-31,1.75180555050134,1.69986766366336,4063,4466,12601,1933,741293
201012,2013-12-31,1.52631922263178,1.49740820329748,3625,4108,11191,1917,747358
201013,2013-12-31,1.49571988362904,1.45111877208932,3408,3733,10359,1875,713863
201014,2013-12-31,1.22313021684613,1.20714782732567,3090,2933,8813,1850,730068
201015,2013-12-31,1.17754240902,1.1741508052025,3117,3110,8801,1831,749563
201016,2013-12-31,1.09111851417293,1.16206676116624,2921,3044,8362,1765,719580
201017,2013-12-31,1.11957937083649,1.17213431214881,3081,2972,8440,1755,720054
201018,2013-12-31,1.08168511952067,1.12167653365951,2781,2901,7914,1710,705551
201019,2013-12-31,1.12497482672273,1.14981162628807,2851,2645,7697,1664,669414
201020,2013-12-31,1.0619697897527,1.13327579756352,2816,2553,7603,1624,670887
201021,2013-12-31,1.08908766932167,1.08171331519166,2636,2188,6853,1497,633532
201022,2013-12-31,1.17760142013009,1.19958601095361,2413,2172,6595,1421,549773
201023,2013-12-31,0.974930395182935,0.95280825954795,2147,1831,5755,1435,604004
201024,2013-12-31,0.987131780132296,0.916032112818763,1975,1784,5316,1405,580329
201025,2013-12-31,0.99599053755025,0.926582172934212,2027,1779,5334,1384,575664
201026,2013-12-31,0.904726272396402,0.869619711871655,1754,1541,4718,1347,542536
201027,2013-12-31,0.941927007840111,0.903133146199371,1753,1566,4691,1353,519414
201028,2013-12-31,0.880415229455867,0.773775692770479,1458,1450,4234,1284,547187
201029,2013-12-31,0.842614661882896,0.742774403429925,1323,1335,3950,1265,531790
201030,2013-12-31,0.858382365250436,0.730934475995922,1290,1279,3850,1250,526723
201031,2013-12-31,0.833830394847588,0.786881828762007,1381,1357,4077,1241,518121
201032,2013-12-31,0.847436542815637,0.763050679663405,1378,1307,4008,1212,525260
201033,2013-12-31,0.888273269260976,0.841043206314339,1485,1592,4518,1225,537190
201034,2013-12-31,0.76537228790335,0.791572794251964,1520,1592,4420,1235,558382
201035,2013-12-31,0.91858044292525,0.912731760403811,1564,1866,5007,1170,548573
201036,2013-12-31,1.01431787184839,1.03397647058824,1850,1959,5493,1198,531250
201037,2013-12-31,1.01232561233888,0.934009119726069,1720,2118,5510,1210,589930
201038,2013-12-31,1.11803281725652,1.08188875532238,2134,2510,6741,1206,623077
201039,2013-12-31,1.11805942184768,1.06562601148547,1995,2383,6387,1254,599366
201040,2017-10-24,1.10939,1.13505,2627,3142,8473,1838,746485
201041,2017-10-24,1.24341,1.25256,2953,3522,9347,1875,746230
201042,2017-10-24,1.25726,1.2457,3044,3641,9684,1907,777397
201043,2017-10-24,1.25734,1.26774,3226,3822,9904,1929,781234
201044,2017-10-24,1.43414,1.43723,3451,4397,11020,1947,766753
201045,2017-10-24,1.51838,1.53341,3927,4679,11807,1940,769982
201046,2017-10-24,1.61617,1.69445,4416,5322,13336,1921,787038
201047,2017-10-24,1.84378,1.9915,4598,4145,12079,1938,606527
201048,2017-10-24,1.72535,1.81305,5045,4978,13997,1964,772016
201049,2017-10-24,1.87923,2.01426,5060,5867,14958,1936,742606
201050,2017-10-24,2.3371,2.55659,6300,7194,18022,1916,704923
201051,2017-10-24,3.03533,3.38185,7295,7071,19899,1840,588406
201052,2017-10-24,3.136,3.43172,7478,5764,20346,1887,592880
201101,2017-10-24,2.53336,2.69151,6584,6342,20026,1923,744043
201102,2017-10-24,2.91288,2.91063,6238,7773,20721,1921,711908
201103,2017-10-24,3.44497,3.49232,7247,11243,26257,1964,751850
201104,2017-10-24,4.16185,4.0037,8007,15291,31975,1947,798637
201105,2017-10-24,4.55159,4.43534,8195,16366,34284,1970,772974
201106,2017-10-24,4.46504,4.24215,8036,16516,34456,1961,812230
201107,2017-10-24,4.55124,4.39719,8172,17493,36567,1910,831600
201108,2017-10-24,4.0822,3.90256,7839,13718,31277,1908,801449
201109,2017-10-24,3.38812,3.15073,6376,10496,24627,1860,781629
201110,2017-10-24,2.99142,2.72422,5691,8427,20377,1829,747993
201111,2017-10-24,2.61542,2.33336,5363,6702,17309,1823,741807
201112,2017-10-24,2.09065,1.925,4400,5489,14031,1790,728883
201113,2017-10-24,1.86146,1.75243,4189,5025,12957,1770,739375
201114,2017-10-24,1.61377,1.57704,3701,4557,11498,1723,729089
201115,2017-10-24,1.42199,1.35766,3164,3562,9391,1681,691707
201116,2017-10-24,1.3382,1.31223,3139,3064,8695,1651,662612
201117,2017-10-24,1.19995,1.14937,2895,2673,7830,1612,681240
201118,2017-10-24,1.14889,1.11451,2532,2553,7307,1585,655627
201119,2017-10-24,1.12194,1.10984,2551,2595,7236,1556,651983
201120,2017-10-24,1.06712,1.0524,2353,2280,6530,1516,620485
201121,2017-10-24,1.05058,1.03536,2213,2110,6072,1381,586460
201122,2017-10-24,1.15203,1.11777,2249,1980,5946,1357,531954
201123,2017-10-24,0.970975,0.982949,2040,1760,5547,1296,564322
201124,2017-10-24,0.894683,0.925194,1812,1599,4989,1279,539238
201125,2017-10-24,0.843568,0.835531,1604,1422,4448,1251,532356
201126,2017-10-24,0.815409,0.832393,1472,1462,4218,1225,506732
201127,2017-10-24,0.823052,0.855591,1423,1269,4009,1211,468565
201128,2017-10-24,0.674635,0.706949,1255,1206,3721,1220,526346
201129,2017-10-24,0.631883,0.694387,1243,1184,3597,1203,518011
201130,2017-10-24,0.641513,0.687976,1251,1188,3538,1179,514262
201131,2017-10-24,0.529813,0.644743,1088,1125,3202,1175,496632
201132,2017-10-24,0.644089,0.67533,1207,1223,3523,1175,521671
201133,2017-10-24,0.667718,0.72823,1342,1358,3874,1191,531975
201134,2017-10-24,0.705668,0.806526,1505,1600,4444,1195,551005
201135,2017-10-24,0.804155,0.860408,1528,1781,4717,1200,548228
201136,2017-10-24,0.907804,0.936075,1622,1809,4813,1184,514168
201137,2017-10-24,1.00555,0.966683,1788,2206,5567,1196,575887
201138,2017-10-24,1.03601,0.996007,1816,2264,5822,1201,584534
201139,2017-10-24,1.07583,1.10846,2248,2514,6708,1213,605162
201140,2017-10-24,1.16092,1.20345,3106,3485,9365,1850,778182
201141,2017-10-24,1.19785,1.23777,3317,3667,9803,1883,791987
201142,2017-10-24,1.27926,1.25259,3324,3837,9958,1905,794995
201143,2017-10-24,1.29194,1.30546,3453,4035,10298,1900,788840
201144,2017-10-24,1.42824,1.45295,3634,4658,11396,1925,784334
201145,2017-10-24,1.39803,1.44089,3949,4348,11496,1946,797839
201146,2017-10-24,1.45831,1.46221,3923,4361,11721,1900,801594
201147,2017-10-24,1.56548,1.65573,4125,3340,10377,1918,626731
201148,2017-10-24,1.34313,1.46606,4237,3955,11479,1904,782984
201149,2017-10-24,1.48139,1.51811,3995,4040,11187,1898,736905
201150,2017-10-24,1.63398,1.66429,4579,4097,12137,1872,729258
201151,2017-10-24,1.83126,1.85274,5016,3535,11958,1851,645424
201152,2017-10-24,2.10451,2.12413,5243,3184,12356,1821,581697
201201,2017-10-24,1.73625,1.76709,4514,3393,11992,1891,678631
201202,2017-10-24,1.55066,1.5434,4059,3636,11543,1883,747894
201203,2017-10-24,1.62891,1.64762,4364,4030,11939,1887,724623
201204,2017-10-24,1.76038,1.6843,4766,4802,13209,1891,784244
201205,2017-10-24,1.92728,1.86354,5218,5336,14448,1885,775298
201206,2017-10-24,1.91994,1.86408,5028,5555,14624,1875,784516
201207,2017-10-24,2.09951,2.01839,5277,5994,15929,1884,789193
201208,2017-10-24,2.23973,2.10385,5246,5990,16137,1853,767022
201209,2017-10-24,2.21921,2.09555,5219,6239,16518,1826,788242
201210,2017-10-24,2.16693,2.10398,4811,6493,15763,1816,749198
201211,2017-10-24,2.38913,2.2941,5175,6768,17150,1819,747570
201212,2017-10-24,1.96466,1.92223,4422,5683,14524,1780,755579
201213,2017-10-24,1.84229,1.74239,3807,5256,13017,1753,747079
201214,2017-10-24,1.68674,1.67601,3582,4631,11930,1729,711808
201215,2017-10-24,1.53136,1.49637,3253,4059,10732,1707,717202
201216,2017-10-24,1.37912,1.38202,3001,4020,10123,1699,732480
201217,2017-10-24,1.29515,1.28926,2638,3802,9370,1675,726772
201218,2017-10-24,1.39521,1.35803,2509,3671,8999,1564,662649
201219,2017-10-24,1.32522,1.30833,2524,3468,8576,1546,655492
201220,2017-10-24,1.23059,1.26692,2465,3087,8062,1503,636347
201221,2017-10-24,1.23028,1.27731,2545,3011,7878,1415,616765
201222,2017-10-24,1.26877,1.2991,2480,2601,7153,1409,550614
201223,2017-10-24,1.10782,1.16297,2336,2352,6765,1365,581700
201224,2017-10-24,1.09559,1.08612,2231,2024,6133,1289,564670
201225,2017-10-24,1.11031,1.0568,2259,1974,6048,1295,572296
201226,2017-10-24,1.10616,1.07871,2168,1850,5786,1260,536380
201227,2017-10-24,1.10816,1.04662,1911,1706,5291,1271,505533
201228,2017-10-24,0.999444,0.928152,1913,1751,5185,1240,558637
201229,2017-10-24,0.924199,0.901936,1818,1640,4931,1223,546713
201230,2017-10-24,0.949257,0.915356,1752,1721,5103,1250,557488
201231,2017-10-24,0.978903,0.952548,1728,1706,5159,1240,541600
201232,2017-10-24,0.925024,0.916661,1660,1718,5026,1248,548294
201233,2017-10-24,0.848456,0.901787,1721,1755,5051,1238,560110
201234,2017-10-24,1.04451,1.03315,2098,2128,6141,1238,594395
201235,2017-10-24,1.0986,1.05238,1958,2335,6318,1238,600354
201236,2017-10-24,1.22071,1.12713,1886,2294,6296,1242,558585
201237,2017-10-24,1.24976,1.1866,2176,2870,7382,1252,622114
201238,2017-10-24,1.22892,1.21415,2295,2972,7656,1268,630563
201239,2017-10-24,1.29393,1.25198,2421,2867,7807,1248,623572
201240,2017-10-24,1.23034,1.20559,2773,3691,9395,1932,779285
201241,2017-10-24,1.3278,1.31929,2960,4007,10158,1940,769959
201242,2017-10-24,1.33995,1.32737,3202,4233,10585,1968,797444
201243,2017-10-24,1.37842,1.36688,3346,4268,10913,1958,798388
201244,2017-10-24,1.50085,1.50535,3326,4422,11061,1929,734781
201245,2017-10-24,1.65163,1.61273,3733,5145,12674,1974,785871
201246,2017-10-24,1.76746,1.75208,4034,5526,13623,1966,777534
201247,2017-10-24,2.30609,2.33365,4651,5387,14650,1968,627772
201248,2017-10-24,2.16324,2.2268,5102,7018,18521,2006,831730
201249,2017-10-24,2.83038,2.97657,6486,10857,24877,2006,835762
201250,2017-10-24,3.43761,3.62552,7446,12945,29432,1977,811800
201251,2017-10-24,4.30554,4.5532,8546,13971,34332,1908,754019
201252,2017-10-24,6.06082,6.02598,9709,11391,36588,1905,607171
201301,2017-10-24,4.64931,4.96368,8444,9108,34103,1982,687051
201302,2017-10-24,4.32584,4.69072,8297,13424,39896,1995,850531
201303,2017-10-24,4.51113,4.70473,8633,15992,39441,2008,838326
201304,2017-10-24,4.2171,4.1646,7441,13439,32426,1978,778610
201305,2017-10-24,3.78956,3.69533,6609,12653,29808,1963,806640
201306,2017-10-24,3.29206,3.2363,5757,10816,24987,1931,772086
201307,2017-10-24,3.0197,2.89421,5289,9395,22321,1926,771229
201308,2017-10-24,2.71499,2.71742,5099,8415,20519,1940,755092
201309,2017-10-24,2.4845,2.52297,4633,7981,19231,1893,762238
201310,2017-10-24,2.57808,2.55227,4791,7709,18829,1884,737736
201311,2017-10-24,2.39237,2.43225,4480,7065,17392,1846,715059
201312,2017-10-24,2.06778,2.10851,3957,6095,15254,1825,723449
201313,2017-10-24,1.90281,1.94725,3830,5204,13714,1811,704276
201314,2017-10-24,1.65902,1.74859,3516,4299,12273,1769,701881
201315,2017-10-24,1.43006,1.49713,3110,3929,10818,1742,722583
201316,2017-10-24,1.27757,1.32313,2707,3509,9188,1732,694415
201317,2017-10-24,1.19009,1.22647,2588,3364,8589,1711,700300
201318,2017-10-24,1.09556,1.19614,2439,3142,7986,1675,667648
201319,2017-10-24,1.08589,1.19049,2422,2877,7704,1630,647130
201320,2017-10-24,1.07343,1.17426,2431,2583,7317,1582,623114
201321,2017-10-24,1.01677,1.13342,2230,2219,6589,1489,581338
201322,2017-10-24,1.04847,1.14306,2109,2094,6190,1486,541528
201323,2017-10-24,0.920349,1.00881,1983,1779,5638,1421,558875
201324,2017-10-24,0.920779,1.02358,1969,1713,5539,1419,541138
201325,2017-10-24,0.904333,1.00138,1877,1766,5474,1405,546643
201326,2017-10-24,0.83057,0.909498,1703,1581,4915,1389,540408
201327,2017-10-24,0.862837,0.950042,1594,1489,4506,1357,474295
201328,2017-10-24,0.732182,0.829299,1576,1491,4510,1362,543833
201329,2017-10-24,0.724558,0.802109,1432,1405,4186,1341,521874
201330,2017-10-24,0.740848,0.806333,1416,1464,4233,1325,524969
201331,2017-10-24,0.726037,0.796937,1216,1284,3886,1290,487617
201332,2017-10-24,0.755639,0.779136,1367,1338,4075,1299,523015
201333,2017-10-24,0.761847,0.797653,1364,1366,4168,1276,522533
201334,2017-10-24,0.779896,0.825485,1331,1561,4317,1265,522965
201335,2017-10-24,0.899138,0.935469,1499,1814,5053,1260,540157
201336,2017-10-24,0.999524,1.04345,1681,2035,5626,1317,539175
201337,2017-10-24,1.0558,1.09107,1926,2437,6374,1307,584196
201338,2017-10-24,1.0967,1.20108,2175,2683,7110,1290,591969
201339,2017-10-24,1.24709,1.26179,2393,2963,7963,1364,631088
201340,2017-10-24,1.15746,1.13249,2974,3769,9677,1960,854487
201341,2017-10-24,1.27184,1.21121,3276,3925,10420,1990,860298
201342,2017-10-24,1.31623,1.25682,3483,3880,10658,2018,848016
201343,2017-10-24,1.37444,1.37097,3930,4484,12036,2027,877917
201344,2017-10-24,1.46781,1.42956,4045,4642,12502,2028,874537
201345,2017-10-24,1.5834,1.53588,4434,5062,13498,2017,878845
201346,2017-10-24,1.60253,1.60267,4643,5000,13927,2054,868987
201347,2017-10-24,1.72344,1.73267,4835,5579,15168,2012,875411
201348,2017-10-24,2.11076,2.09858,4937,4313,13975,2042,665926
201349,2017-10-24,2.1708,2.21374,5549,6579,18920,2055,854664
201350,2017-10-24,2.36971,2.41674,5501,7046,19398,2054,802651
201351,2017-10-24,3.15997,3.03071,6555,8406,24697,2009,814891
201352,2017-10-24,4.59053,4.38724,7814,7485,26988,2007,615148
201401,2017-10-24,4.28195,4.2112,7488,6726,28654,2033,680424
201402,2017-10-24,3.56288,3.46492,6233,7881,28147,2059,812343
201403,2017-10-24,3.36378,3.31698,6007,9517,28370,2049,855297
201404,2017-10-24,3.39659,3.2407,5878,8858,25502,2062,786928
201405,2017-10-24,3.11922,2.88598,5133,8714,23484,2051,813726
201406,2017-10-24,2.83572,2.62172,4729,7711,21085,2051,804244
201407,2017-10-24,2.48484,2.34067,4210,6717,18195,2018,777340
201408,2017-10-24,2.2741,2.12059,4250,6121,17234,2025,812700
201409,2017-10-24,2.07244,1.91094,3953,5875,15914,1978,832786
201410,2017-10-24,1.98207,1.9023,3775,5575,15044,1944,790831
201411,2017-10-24,1.82441,1.76619,3616,5022,14024,1904,794024
201412,2017-10-24,1.82036,1.85791,3798,5611,14926,1922,803374
201413,2017-10-24,1.75391,1.82094,3523,5812,14661,1887,805133
201414,2017-10-24,1.74542,1.83453,3582,5659,14637,1866,797863
201415,2017-10-24,1.67236,1.75446,3574,5587,14206,1845,809707
201416,2017-10-24,1.51659,1.51636,3130,4279,11723,1810,773101
201417,2017-10-24,1.44778,1.40334,2846,3770,10814,1771,770592
201418,2017-10-24,1.29028,1.2593,2501,3591,9648,1746,766139
201419,2017-10-24,1.37388,1.32482,2789,3615,9775,1714,737834
201420,2017-10-24,1.34208,1.27576,2544,3256,9033,1660,708049
201421,2017-10-24,1.34563,1.29483,2733,3068,8797,1570,679395
201422,2017-10-24,1.21291,1.2261,2528,2459,7658,1554,624582
201423,2017-10-24,1.19291,1.14538,2383,2349,7229,1461,631143
201424,2017-10-24,1.14146,1.0678,2227,2181,6783,1461,635233
201425,2017-10-24,1.06503,1.07269,2159,2009,6369,1392,593740
201426,2017-10-24,1.12669,1.01298,2049,1917,6038,1411,596063
201427,2017-10-24,0.947353,0.994705,1865,1688,5352,1388,538049
201428,2017-10-24,0.944187,0.880862,1758,1623,5295,1394,601116
201429,2017-10-24,0.934822,0.858173,1582,1621,5083,1376,592305
201430,2017-10-24,0.81736,0.805152,1455,1450,4765,1372,591814
201431,2017-10-24,0.852792,0.818781,1450,1655,4942,1378,603580
201432,2017-10-24,0.746994,0.783735,1460,1528,4744,1382,605307
201433,2017-10-24,0.761098,0.848703,1528,1631,4980,1369,586778
201434,2017-10-24,0.767627,0.834146,1569,1813,5305,1371,635980
201435,2017-10-24,0.862176,0.905981,1684,2184,5799,1353,640080
201436,2017-10-24,0.984907,1.04506,1753,2258,6050,1352,578913
201437,2017-10-24,1.16287,1.16816,2300,3316,8130,1401,695966
201438,2017-10-24,1.22731,1.27649,2535,3650,8888,1405,696282
201439,2017-10-24,1.2071,1.29758,2522,3447,8874,1407,683887
201440,2017-10-24,1.16191,1.20612,2958,3994,10150,1937,841540
201441,2017-10-24,1.30905,1.32485,3055,4437,10977,1960,828544
201442,2017-10-24,1.37072,1.41192,3442,4728,11941,2000,845727
201443,2017-10-24,1.43373,1.42547,3455,4955,12292,2008,862314
201444,2017-10-24,1.42791,1.43909,3632,5102,12313,2053,855608
201445,2017-10-24,1.61605,1.61532,4277,5799,13853,2058,857601
201446,2017-10-24,1.65976,1.66473,4424,5816,14062,1997,844700
201447,2017-10-24,2.05459,2.0058,4740,7322,16674,2058,831289
201448,2017-10-24,2.53541,2.62227,5432,6848,17602,2067,671251
201449,2017-10-24,2.54253,2.60749,6185,9106,22905,2097,878430
201450,2017-10-24,3.60563,3.4178,7424,13050,29172,2069,853532
201451,2017-10-24,4.90976,4.46555,9270,16418,37382,2016,837119
201452,2017-10-24,5.98221,6.11497,10363,13951,40533,1984,662849
201453,2017-10-24,5.47421,5.30979,9732,9406,36891,1983,694773
201501,2017-10-24,4.21374,4.07898,7160,9589,31483,1958,771835
201502,2017-10-24,4.21022,3.93762,7044,11966,31204,1971,792459
201503,2017-10-24,4.25968,4.15076,7840,13949,33221,1966,800359
201504,2017-10-24,3.97761,3.87899,7118,13159,30621,1955,789407
201505,2017-10-24,3.63443,3.45794,6656,12093,28151,1950,814097
201506,2017-10-24,3.26527,3.06359,6429,10328,25218,1917,823153
201507,2017-10-24,2.93083,2.82646,5537,8164,21109,1907,746836
201508,2017-10-24,2.54474,2.3599,4823,7280,19178,1934,812660
201509,2017-10-24,2.47227,2.33472,4639,7116,18441,1912,789858
201510,2017-10-24,2.35665,2.21286,4710,6748,17833,1907,805881
201511,2017-10-24,2.17008,2.07619,4559,6084,16695,1883,804117
201512,2017-10-24,2.04297,2.01267,4418,6003,16122,1848,801027
201513,2017-10-24,1.954,1.94192,4174,5623,14975,1819,771143
201514,2017-10-24,1.72287,1.74809,3903,4634,13733,1820,785602
201515,2017-10-24,1.53694,1.50367,3448,4214,12044,1813,800974
201516,2017-10-24,1.38283,1.43494,3182,4011,10860,1768,756827
201517,2017-10-24,1.46265,1.45673,3203,4280,11095,1753,761638
201518,2017-10-24,1.38934,1.42836,3106,4079,10694,1735,748690
201519,2017-10-24,1.3468,1.35297,2805,3641,9671,1688,714799
201520,2017-10-24,1.25452,1.33093,2754,3296,9024,1622,678023
201521,2017-10-24,1.21636,1.28422,2593,2714,7913,1579,616171
201522,2017-10-24,1.16734,1.13889,2211,2345,6946,1505,609891
201523,2017-10-24,1.04654,1.10343,2109,2284,6744,1455,611184
201524,2017-10-24,0.943661,0.970748,1734,2046,5850,1459,602628
201525,2017-10-24,0.935046,0.998681,1897,1921,5913,1445,592081
201526,2017-10-24,0.934726,0.978057,1678,1701,5232,1417,534938
201527,2017-10-24,0.864118,0.866431,1546,1675,5116,1428,590468
201528,2017-10-24,0.806535,0.827757,1487,1609,4870,1411,588337
201529,2017-10-24,0.742747,0.797572,1383,1498,4626,1401,580010
201530,2017-10-24,0.737859,0.811221,1415,1459,4605,1352,567663
201531,2017-10-24,0.743224,0.821165,1392,1590,4753,1364,578812
201532,2017-10-24,0.805251,0.819435,1330,1667,4750,1340,579668
201533,2017-10-24,0.816943,0.848041,1429,1815,5173,1356,609994
201534,2017-10-24,0.814518,0.888524,1687,2033,5648,1362,635661
201535,2017-10-24,0.86067,0.962826,1636,2292,5963,1354,619323
201536,2017-10-24,0.886704,1.02252,1714,2169,5970,1349,583853
201537,2017-10-24,1.00845,1.08392,1993,2744,7062,1369,651524
201538,2017-10-24,1.06625,1.17724,2178,2947,7704,1367,654414
201539,2017-10-24,1.05995,1.1716,2170,2746,7626,1332,650904
201540,2017-10-24,1.22559,1.24325,2849,3693,10049,1963,808287
201541,2017-10-24,1.31066,1.3234,3016,4007,10715,1976,809660
201542,2017-10-24,1.3711,1.40399,3263,4360,11584,1995,825079
201543,2017-10-24,1.39171,1.37629,3141,4148,11164,1999,811165
201544,2017-10-24,1.43712,1.46866,3563,4783,12423,2048,845875
201545,2017-10-24,1.50165,1.533,3746,4725,12676,2028,826877
201546,2017-10-24,1.59805,1.60841,3960,5076,13484,2023,838344
201547,2017-10-24,1.89668,1.90047,3974,4073,12158,2000,639738
201548,2017-10-24,1.67728,1.73645,4469,5076,14617,2040,841777
201549,2017-10-24,1.78296,1.81945,4575,5384,14986,2020,823657
201550,2017-10-24,1.87336,1.96571,5135,5105,15396,2000,783227
201551,2017-10-24,2.32148,2.42021,5377,4317,14839,1978,613128
201552,2017-10-24,2.40991,2.41083,5700,4011,15679,1949,650356
201601,2017-10-24,1.94328,1.98859,4775,4494,15654,2004,787192
201602,2017-10-24,1.99796,1.98985,4574,5362,15517,2005,779809
201603,2017-10-24,2.11829,2.1071,4804,5380,15661,2008,743249
201604,2017-10-24,2.25112,2.19256,5088,6882,18143,2026,827482
201605,2017-10-24,2.37116,2.30014,5135,7353,18944,2007,823602
201606,2017-10-24,2.80035,2.67574,5645,8434,21774,2000,813755
201607,2017-10-24,3.16475,3.02427,5997,9325,24681,1993,816098
201608,2017-10-24,3.15183,3.11328,6299,10127,26423,1956,848718
201609,2017-10-24,3.3321,3.32788,6619,11415,28468,1952,855439
201610,2017-10-24,3.56024,3.5918,6660,11856,30481,1922,848628
201611,2017-10-24,3.05479,3.09262,5574,9334,24894,1898,804948
201612,2017-10-24,2.76732,2.78803,5187,8489,21940,1900,786936
201613,2017-10-24,2.44161,2.52371,4581,7392,19603,1832,776752
201614,2017-10-24,2.03348,2.12928,3707,6403,16769,1813,787543
201615,2017-10-24,1.98593,2.05142,3572,6595,16261,1805,792672
201616,2017-10-24,1.91514,1.98957,3515,6357,15437,1774,775895
201617,2017-10-24,1.69968,1.7858,3157,5557,13836,1759,774777
201618,2017-10-24,1.57635,1.60144,2772,4729,11870,1742,741210
201619,2017-10-24,1.3935,1.4743,2871,4046,10707,1690,726244
201620,2017-10-24,1.29941,1.42286,2688,3630,9798,1626,688612
201621,2017-10-24,1.18379,1.38196,2612,3126,8787,1439,635835
201622,2017-10-24,1.13723,1.33712,2545,2620,7997,1482,598077
201623,2017-10-24,1.04118,1.13894,2293,2313,7201,1446,632252
201624,2017-10-24,0.971814,1.09641,2189,2171,6768,1440,617287
201625,2017-10-24,0.863306,0.999559,2062,1905,6024,1402,602666
201626,2017-10-24,0.833797,0.99095,1873,1810,5686,1382,573793
201627,2017-10-24,0.784516,0.931253,1646,1641,5118,1379,549582
201628,2017-10-24,0.734327,0.843118,1610,1599,5078,1392,602288
201629,2017-10-24,0.698845,0.840286,1670,1621,5044,1388,600272
201630,2017-10-24,0.723099,0.830065,1580,1624,4925,1393,593327
201631,2017-10-24,0.663501,0.790428,1455,1496,4596,1360,581457
201632,2017-10-24,0.69276,0.830826,1512,1639,4868,1329,585923
201633,2017-10-24,0.710029,0.856796,1644,1914,5265,1345,614499
201634,2017-10-24,0.834232,1.00746,1848,2364,6260,1356,621362
201635,2017-10-24,0.992621,1.05868,1815,2651,6504,1354,614349
201636,2017-10-24,1.01605,1.10028,1883,2604,6623,1347,601938
201637,2017-10-24,1.07169,1.1457,2026,3073,7639,1365,666755
201638,2017-10-24,1.10163,1.2189,2341,3298,8229,1363,675119
201639,2017-10-24,1.18841,1.31113,2413,3334,8505,1389,648678
201640,2018-10-05,1.19763,1.25626,3119,4174,10920,1956,869249
201641,2018-10-05,1.22887,1.29218,3207,4078,10997,1977,851042
201642,2018-10-05,1.26723,1.33024,3564,4452,11926,1986,896532
201643,2018-10-05,1.36226,1.42562,3786,4769,12648,2008,887194
201644,2018-10-05,1.48468,1.56991,4314,5287,13790,2001,878396
201645,2018-10-05,1.55838,1.65029,4703,5193,14258,1993,863967
201646,2018-10-05,1.64639,1.73187,4979,5610,15160,2002,875353
201647,2018-10-05,1.91196,2.03348,5032,4567,14208,2013,698702
201648,2018-10-05,1.81129,1.88027,5209,5655,16605,2005,883118
201649,2018-10-05,1.91669,2.00307,5512,5814,16976,2018,847500
201650,2018-10-05,2.20671,2.27465,5744,6724,18463,2005,811687
201651,2018-10-05,2.73096,2.9137,6657,7470,21570,1982,740295
201652,2018-10-05,3.36152,3.54769,7712,7144,24900,1931,701866
201701,2018-10-05,3.09232,3.07969,6716,6786,24178,2028,785080
201702,2018-10-05,3.07623,3.02096,6022,8847,24904,2001,824374
201703,2018-10-05,3.50708,3.40075,6403,12121,28759,2033,845666
201704,2018-10-05,3.79872,3.53148,6958,14064,31221,2024,884076
201705,2018-10-05,4.43601,4.04671,7452,17475,36510,2029,902215
201706,2018-10-05,5.06094,4.75345,8110,20150,42890,2030,902292
201707,2018-10-05,4.85988,4.65322,7737,18715,41098,1973,883216
201708,2018-10-05,4.57809,4.56893,7649,17300,40124,1990,878193
201709,2018-10-05,3.55555,3.45379,6129,12394,30183,1998,873909
201710,2018-10-05,3.50492,3.29578,5851,11546,28051,1973,851118
201711,2018-10-05,3.21406,3.16311,5503,10084,25484,1961,805664
201712,2018-10-05,3.09854,3.1402,5518,11512,27371,1943,871632
201713,2018-10-05,2.79765,2.88096,5158,10155,24375,1904,846072
201714,2018-10-05,2.38646,2.36989,4490,8183,19684,1910,830587
201715,2018-10-05,1.96699,1.93539,3909,5851,15552,1865,803557
201716,2018-10-05,1.73523,1.6406,3308,4683,13012,1850,793124
201717,2018-10-05,1.5635,1.47817,2997,4497,11955,1850,808770
201718,2018-10-05,1.4041,1.36819,2890,4106,10763,1800,786659
201719,2018-10-05,1.27729,1.33856,2746,3822,10188,1770,761114
201720,2018-10-05,1.28245,1.34625,2685,3518,9809,1749,728618
201721,2018-10-05,1.16589,1.26487,2341,3060,8564,1617,677064
201722,2018-10-05,1.10922,1.25688,2312,2575,7757,1572,617165
201723,2018-10-05,1.04387,1.15799,2456,2377,7558,1498,652681
201724,2018-10-05,0.905089,1.04831,2049,2099,6636,1472,633019
201725,2018-10-05,0.900337,0.988607,1930,1972,6264,1502,633619
201726,2018-10-05,0.859539,0.961605,1771,1748,5596,1424,581944
201727,2018-10-05,0.818831,0.955645,1728,1564,5326,1461,557320
201728,2018-10-05,0.752503,0.82743,1545,1578,4961,1410,599567
201729,2018-10-05,0.7372,0.814071,1549,1426,4764,1403,585207
201730,2018-10-05,0.733096,0.818115,1576,1516,4880,1382,596493
201731,2018-10-05,0.73102,0.829757,1529,1485,4899,1393,590414
201732,2018-10-05,0.688338,0.828501,1559,1481,4915,1390,593240
201733,2018-10-05,0.732049,0.885896,1603,1691,5230,1351,590363
201734,2018-10-05,0.911641,1.05599,1977,2556,6682,1382,632771
201735,2018-10-05,1.02105,1.11768,2076,2726,7133,1371,638196
201736,2018-10-05,1.09335,1.13843,2074,2488,7073,1386,621296
201737,2018-10-05,1.09515,1.13416,2375,2947,8317,1486,733316
201738,2018-10-05,1.09699,1.17508,2544,3075,8566,1487,728970
201739,2018-10-05,1.18823,1.23773,2840,3201,9079,1470,733519
201740,2019-10-04,1.26589,1.2802,3849,4556,12839,2220,1002892
201741,2019-10-04,1.30479,1.33123,4118,4453,13267,2245,996595
201742,2019-10-04,1.34075,1.40786,4408,4993,14319,2266,1017076
201743,2019-10-04,1.51674,1.5722,5006,5531,15832,2266,1006998
201744,2019-10-04,1.74583,1.70326,5219,6134,17069,2222,1002140
201745,2019-10-04,1.88708,1.86636,6126,6671,19057,2288,1021079
201746,2019-10-04,2.05923,2.07647,6880,7577,21892,2296,1054290
201747,2019-10-04,2.27971,2.33593,6945,5875,19816,2271,848314
201748,2019-10-04,2.28379,2.24637,7008,7474,23752,2279,1057350
201749,2019-10-04,2.58278,2.49504,7229,8488,24955,2272,1000183
201750,2019-10-04,3.36558,3.2005,8285,11259,31502,2262,984283
201751,2019-10-04,4.73117,4.43807,10447,14166,42782,2211,963978
201752,2019-10-04,5.70943,5.46361,11335,11540,45255,2132,828299
201801,2019-10-04,5.74658,5.35765,9410,11717,47269,2243,882271
201802,2019-10-04,5.89207,5.52437,10053,17357,56761,2257,1027466
201803,2019-10-04,6.51759,6.34528,11997,21897,63036,2286,993431
201804,2019-10-04,7.16338,7.01811,13408,30625,77326,2288,1101807
201805,2019-10-04,7.52133,7.7809,14844,37200,85985,2275,1105078
201806,2019-10-04,7.38748,7.76939,15192,38606,87825,2299,1130397
201807,2019-10-04,6.44688,6.81176,13365,32124,76210,2227,1118800
201808,2019-10-04,4.95881,5.15749,10154,20450,53025,2272,1028116
201809,2019-10-04,3.68612,3.55945,7208,13392,36064,2208,1013191
201810,2019-10-04,3.18626,3.00518,6368,10850,29133,2214,969427
201811,2019-10-04,2.76894,2.73038,5588,9468,25938,2201,949978
201812,2019-10-04,2.48706,2.47768,5223,8640,23805,2180,960779
201813,2019-10-04,2.40802,2.36314,4721,7214,20693,2144,875658
201814,2019-10-04,2.07483,2.03139,4553,6218,19074,2127,938963
201815,2019-10-04,1.77898,1.80376,4145,5505,16664,2086,923848
201816,2019-10-04,1.61487,1.58696,3856,5269,14869,2112,936950
201817,2019-10-04,1.5385,1.53801,3723,5336,14552,2088,946160
201818,2019-10-04,1.52612,1.44974,3658,4815,13291,2018,916783
201819,2019-10-04,1.28847,1.27729,3444,4133,11619,1933,909661
201820,2019-10-04,1.18344,1.22051,3359,3764,11066,1977,906668
201821,2019-10-04,1.24919,1.23235,3385,3429,10646,1896,863879
201822,2019-10-04,1.14131,1.223,3220,2987,9608,1802,785606
201823,2019-10-04,0.9878,1.0473,2847,2552,8693,1798,830040
201824,2019-10-04,0.895565,0.978113,2375,2245,7573,1753,774246
201825,2019-10-04,0.892204,0.947548,2312,2162,7373,1773,778114
201826,2019-10-04,0.877184,0.867554,2206,1916,6947,1736,800757
201827,2019-10-04,0.780203,0.82328,2009,1862,6258,1780,760130
201828,2019-10-04,0.725075,0.771497,1943,1901,6501,1785,842647
201829,2019-10-04,0.68247,0.706819,1741,1720,5786,1748,818597
201830,2019-10-04,0.640393,0.685155,1665,1643,5497,1741,802300
201831,2019-10-04,0.639127,0.687351,1618,1769,5612,1724,816468
201832,2019-10-04,0.705637,0.735733,1726,1784,5861,1690,796621
201833,2019-10-04,0.707801,0.806048,1986,2170,6537,1725,810994
201834,2019-10-04,0.822659,0.944013,2239,2468,7323,1610,775731
201835,2019-10-04,0.859864,0.960101,2445,2830,8111,1681,844807
201836,2019-10-04,1.10083,1.14128,2814,3343,9530,1710,835027
201837,2019-10-04,1.15323,1.14784,2773,3660,10065,1708,876862
201838,2019-10-04,1.20178,1.31156,3242,3949,11189,1684,853109
201839,2019-10-04,1.2498,1.26102,3481,4198,11767,1710,933130
201840,2020-10-02,1.41876,1.41974,4887,6341,17975,2611,1266076
201841,2020-10-02,1.40077,1.473,5332,6279,18652,2651,1266257
201842,2020-10-02,1.47139,1.58968,5589,6802,19948,2623,1254844
201843,2020-10-02,1.63634,1.72208,6249,7487,21634,2678,1256271
201844,2020-10-02,1.79125,1.84114,6869,8291,23169,2666,1258405
201845,2020-10-02,1.86871,1.92692,7509,8451,24085,2672,1249921
201846,2020-10-02,1.98121,2.0852,7821,8076,24419,2665,1171062
201847,2020-10-02,2.23487,2.40063,8607,7197,24635,2618,1026187
201848,2020-10-02,2.14572,2.24479,8890,8788,29096,2666,1296156
201849,2020-10-02,2.25134,2.29962,8809,9276,28377,2658,1233986
201850,2020-10-02,2.6411,2.73181,10156,11376,33113,2650,1212127
201851,2020-10-02,3.13478,3.24012,11515,12816,38260,2596,1180820
201852,2020-10-02,3.96538,4.18077,13615,12044,44012,2581,1052725
201901,2020-10-02,3.45972,3.63095,11686,9572,42135,2630,1160440
201902,2020-10-02,3.07558,3.13643,9369,10758,38815,2656,1237552
201903,2020-10-02,3.3258,3.36213,9703,14265,41199,2658,1225384
201904,2020-10-02,3.79773,3.88115,10765,16965,46241,2677,1191426
201905,2020-10-02,4.34227,4.52235,11628,22217,55264,2668,1222020
201906,2020-10-02,4.86953,5.20091,13899,29772,69732,2673,1340765
201907,2020-10-02,5.03689,5.42034,14246,29255,70056,2655,1292464
201908,2020-10-02,4.8812,5.27078,13634,26502,66461,2655,1260932
201909,2020-10-02,4.54791,4.58991,11647,23468,58802,2658,1281115
201910,2020-10-02,4.3762,4.39714,11168,21760,55431,2637,1260615
201911,2020-10-02,4.22692,4.12777,10986,20081,53177,2646,1288273
201912,2020-10-02,3.68251,3.50278,9721,16800,45668,2653,1303765
201913,2020-10-02,3.08559,3.04819,8644,13642,37948,2619,1244935
201914,2020-10-02,2.69831,2.67984,7606,11768,32941,2620,1229217
201915,2020-10-02,2.28676,2.26612,6754,10005,27854,2568,1229148
201916,2020-10-02,2.01217,1.96484,6325,7904,23147,2542,1178058
201917,2020-10-02,1.71323,1.72201,5698,6621,20610,2516,1196855
201918,2020-10-02,1.56678,1.5728,5369,6207,18864,2485,1199386
201919,2020-10-02,1.49827,1.45718,4789,5906,17107,2444,1173980
201920,2020-10-02,1.49961,1.50332,4649,5530,16459,2336,1094840
201921,2020-10-02,1.42123,1.40257,4601,5234,15763,2224,1123869
201922,2020-10-02,1.39258,1.40358,4442,4660,14776,2196,1052737
201923,2020-10-02,1.21697,1.23749,3937,4115,13451,2258,1086961
201924,2020-10-02,1.11266,1.12161,3506,3741,12106,2206,1079343
201925,2020-10-02,0.991888,1.01276,3056,3288,10695,2159,1056024
201926,2020-10-02,0.946401,0.959768,2955,3117,10027,2084,1044732
201927,2020-10-02,0.874695,0.878917,2512,2726,8722,2154,992358
201928,2020-10-02,0.809169,0.794181,2346,2661,8425,2111,1060841
201929,2020-10-02,0.75452,0.766394,2222,2571,8116,2154,1058986
201930,2020-10-02,0.732983,0.748613,2138,2466,7787,2140,1040191
201931,2020-10-02,0.725811,0.757116,2354,2438,7884,2151,1041320
201932,2020-10-02,0.754209,0.770094,2102,2392,8060,2167,1046625
201933,2020-10-02,0.729672,0.833506,2634,2831,8994,2200,1079056
201934,2020-10-02,0.839875,0.94034,2911,3503,10103,2170,1074399
201935,2020-10-02,0.989358,1.08197,3428,4244,11904,2193,1100212
201936,2020-10-02,1.1354,1.20216,3810,4548,13188,2217,1097022
201937,2020-10-02,1.23124,1.27291,3912,5502,14843,2247,1166071
201938,2020-10-02,1.24448,1.3881,4469,5678,16001,2224,1152730
201939,2020-10-02,1.3379,1.49515,4981,6121,17453,2211,1167311
201940,2021-10-08,1.49002,1.50284,6219,7658,21916,2912,1458307
201941,2021-10-08,1.59192,1.59764,6550,7638,22954,2942,1436748
201942,2021-10-08,1.72572,1.73931,7287,8292,24886,2966,1430800
201943,2021-10-08,1.83419,1.86039,7892,9349,27419,2997,1473831
201944,2021-10-08,2.04008,2.01412,8658,10068,28910,3005,1435369
201945,2021-10-08,2.39351,2.36364,10557,12551,34586,3022,1463253
201946,2021-10-08,2.63251,2.64428,11446,13671,37732,2991,1426928
201947,2021-10-08,2.89941,2.97387,12716,17058,44161,2987,1484969
201948,2021-10-08,3.41501,3.45389,14444,14821,44044,2993,1275199
201949,2021-10-08,3.2579,3.31281,13852,16397,48904,2995,1476208
201950,2021-10-08,3.94308,3.86928,14728,21877,56444,2958,1458774
201951,2021-10-08,5.06435,5.02613,18001,29182,71594,2926,1424436
201952,2021-10-08,7.06161,7.15315,24097,34004,95757,2917,1338669
202001,2021-10-08,5.90066,6.21936,21594,23392,88731,2970,1426691
202002,2021-10-08,4.9402,5.06711,15564,22756,75614,3002,1492251
202003,2021-10-08,5.33135,5.35768,16587,29668,79783,2995,1489132
202004,2021-10-08,6.07822,6.02274,18574,35275,90150,2997,1496826
202005,2021-10-08,6.74724,6.87271,20299,44117,108307,2995,1575900
202006,2021-10-08,6.80157,7.08558,20270,45513,111361,3005,1571657
202007,2021-10-08,6.11292,6.22068,17393,36909,95418,2969,1533883
202008,2021-10-08,5.52513,5.61968,15330,28531,80559,2984,1433517
202009,2021-10-08,5.12333,5.10268,13820,25490,74823,2947,1466346
202010,2021-10-08,5.26652,5.28928,13888,26396,78779,2913,1489410
202011,2021-10-08,5.66932,6.28745,14154,27756,89607,2847,1425172
202012,2021-10-08,6.38029,7.35285,10790,17512,78584,2810,1068755
202013,2021-10-08,4.91692,6.22687,5129,8322,53142,2738,853431
202014,2021-10-08,3.78625,4.82995,2359,4852,36251,2696,750546
202015,2021-10-08,2.80122,3.47366,1496,3426,24974,2698,718953
202016,2021-10-08,2.12907,2.57391,1068,2667,18274,2679,709970
202017,2021-10-08,1.73315,2.02032,926,2317,15164,2663,750576
202018,2021-10-08,1.40939,1.6211,864,2098,12821,2635,790883
202019,2021-10-08,1.18657,1.35218,720,1883,11058,2624,817791
202020,2021-10-08,1.11444,1.23805,788,1960,10480,2613,846493
202021,2021-10-08,1.00711,1.07708,900,2221,11416,2963,1059901
202022,2021-10-08,0.889878,0.887647,805,1893,9605,2946,1082074
202023,2021-10-08,0.815858,0.820978,801,1967,9318,2925,1134988
202024,2021-10-08,0.837779,0.814955,878,2139,9572,2899,1174543
202025,2021-10-08,0.929189,0.951491,1005,2679,11866,2935,1247096
202026,2021-10-08,1.13871,1.20333,1212,3487,15490,2892,1287264
202027,2021-10-08,1.27591,1.38465,1394,3965,17826,2888,1287401
202028,2021-10-08,1.34978,1.47371,1544,4092,20043,2913,1360037
202029,2021-10-08,1.34436,1.43806,1657,4070,19250,2887,1338613
202030,2021-10-08,1.22126,1.21924,1634,3554,16523,2948,1355190
202031,2021-10-08,1.15381,1.1519,1608,3493,15514,2986,1346820
202032,2021-10-08,1.0649,1.05776,1570,3268,14103,2945,1333292
202033,2021-10-08,0.979173,0.980887,1587,3141,13131,2965,1338686
202034,2021-10-08,0.967664,0.959772,1804,3263,12900,2923,1344069
202035,2021-10-08,1.00158,0.972423,1864,3942,13138,2957,1351058
202036,2021-10-08,0.917339,0.915323,1766,3574,12232,2907,1336359
202037,2021-10-08,1.02954,0.97981,1995,3806,13001,2894,1326890
202038,2021-10-08,0.975797,0.956785,2068,3609,13005,2921,1359239
202039,2021-10-08,1.0586,1.0348,2273,4311,14457,2919,1397083
202040,2022-10-07,1.0872,1.07453,2467,4748,16570,3332,1542071
202041,2022-10-07,1.20898,1.18497,2562,5258,19194,3373,1619788
202042,2022-10-07,1.10874,1.09042,2316,4631,17281,3351,1584807
202043,2022-10-07,1.18588,1.14934,2457,4852,18187,3377,1582393
202044,2022-10-07,1.25,1.1881,2515,4924,18612,3471,1566538
202045,2022-10-07,1.43782,1.33548,2727,5837,21410,3470,1603163
202046,2022-10-07,1.48426,1.37797,2776,5549,22623,3436,1641763
202047,2022-10-07,1.54717,1.4268,2693,5342,22722,3376,1592518
202048,2022-10-07,1.60668,1.49601,2485,4585,21320,3378,1425127
202049,2022-10-07,1.56586,1.44878,2604,4875,22305,3382,1539568
202050,2022-10-07,1.52073,1.4297,2567,4726,22219,3400,1554103
202051,2022-10-07,1.50659,1.39828,2482,4282,20886,3340,1493692
202052,2022-10-07,1.55413,1.45723,2323,3564,19852,3343,1362314
202053,2022-10-07,1.5907,1.5383,2585,3934,22436,3322,1458493
202101,2022-10-07,1.47569,1.43493,2414,4549,22720,3358,1583355
202102,2022-10-07,1.29196,1.26364,2380,4056,19194,3332,1518947
202103,2022-10-07,1.25191,1.21094,2566,4056,18353,3356,1515597
202104,2022-10-07,1.10337,1.12256,2560,3955,16910,3367,1506379
202105,2022-10-07,1.16554,1.08197,2636,4015,16101,3337,1488119
202106,2022-10-07,1.00745,0.974818,2557,3736,14108,3288,1447245
202107,2022-10-07,0.986987,0.907497,2320,3146,12602,3297,1388655
202108,2022-10-07,0.862967,0.860475,2544,3541,13347,3318,1551120
202109,2022-10-07,0.82875,0.842691,2773,3544,13017,3319,1544694
202110,2022-10-07,0.883305,0.903419,3220,3811,14098,3325,1560517
202111,2022-10-07,0.90874,0.939582,3515,3856,14580,3268,1551754
202112,2022-10-07,0.948022,0.960224,3817,3915,15359,3242,1599523
202113,2022-10-07,0.974936,0.998001,4116,4089,15994,3301,1602603
202114,2022-10-07,1.06411,1.07813,4740,4692,18148,3323,1683278
202115,2022-10-07,1.08168,1.10911,5227,4909,19177,3324,1729037
202116,2022-10-07,1.10339,1.15017,5764,5095,19313,3290,1679142
202117,2022-10-07,1.13164,1.1826,6335,5517,20134,3303,1702520
202118,2022-10-07,1.1483,1.20847,6822,5403,19937,3272,1649771
202119,2022-10-07,1.19144,1.25476,7366,5492,20373,3255,1623653
202120,2022-10-07,1.24686,1.26333,8352,5414,21266,3233,1683332
202121,2022-10-07,1.14576,1.19113,7953,4967,19685,3184,1652632
202122,2022-10-07,1.18405,1.25152,8502,4856,20152,3182,1610198
202123,2022-10-07,1.12999,1.14539,8097,4646,19188,3148,1675241
202124,2022-10-07,1.19103,1.18507,8536,4619,19672,3107,1659980
202125,2022-10-07,1.21258,1.21019,8514,4611,19896,3093,1644041
202126,2022-10-07,1.2132,1.2128,8369,4757,20103,3092,1657572
202127,2022-10-07,1.26708,1.32915,8719,5310,22376,3094,1683488
202128,2022-10-07,1.38688,1.44259,9193,5930,25263,3103,1751226
202129,2022-10-07,1.64767,1.70922,10372,7171,30554,3102,1787598
202130,2022-10-07,1.799,1.90931,11144,8575,35221,3088,1844702
202131,2022-10-07,1.94947,2.05205,11102,8901,37762,3085,1840212
202132,2022-10-07,2.03512,2.15537,11264,10105,40069,3079,1859035
202133,2022-10-07,2.19023,2.30346,11809,12282,42753,3071,1856032
202134,2022-10-07,2.23843,2.30735,11982,13529,43062,3066,1866295
202135,2022-10-07,2.26655,2.2523,11745,13057,40878,3067,1814941
202136,2022-10-07,2.21303,2.21305,11711,12253,39438,3057,1782067
202137,2022-10-07,2.04664,2.00533,11254,11583,36222,3095,1806283
202138,2022-10-07,1.9014,1.93726,10928,11397,34019,3076,1756033
202139,2022-10-07,1.84504,1.84254,10142,10065,30002,2919,1628298
202140,2023-10-06,2.03726,1.96383,13160,13177,39606,3590,2016770
202141,2023-10-06,1.94864,1.90565,13073,11987,37639,3580,1975130
202142,2023-10-06,1.92538,1.86005,12494,11448,35684,3538,1918446
202143,2023-10-06,1.9789,1.89307,12858,11881,36616,3572,1934216
202144,2023-10-06,2.1334,2.08583,13295,14444,39986,3578,1917029
202145,2023-10-06,2.25788,2.22432,14559,15933,44242,3601,1989010
202146,2023-10-06,2.41079,2.35599,14735,17350,47047,3591,1996913
202147,2023-10-06,2.51762,2.45722,14913,13394,43297,3584,1762035
202148,2023-10-06,2.55244,2.56131,15161,17338,52671,3608,2056405
202149,2023-10-06,2.72476,2.71523,14968,19950,55027,3613,2026604
202150,2023-10-06,3.14645,3.09817,16285,23449,62539,3584,2018579
202151,2023-10-06,4.00686,4.07763,18514,25049,79184,3564,1941911
202152,2023-10-06,4.90468,5.07044,24118,28970,113921,3532,2246767
